<?xml version="1.0" encoding="UTF-8" standalone="yes"?>
<addon id="repository.androidrepublica" name="[COLOR lime]Android[/COLOR][COLOR red]republica[/COLOR] Repository" version="4.5.0" provider-name="Androidrepublica">
<extension point="xbmc.addon.repository" name="androidrepublica Repository">
<info compressed="false">https://androidrepublica.website/Repo/addons.xml</info>
<checksum>https://androidrepublica.website/Repo/addons.xml.md5</checksum>
<datadir zip="true">https://androidrepublica.website/Zips/</datadir>
<dir>
        <info compressed="false">https://raw.githubusercontent.com/jsergio123/zips/master/addons.xml</info>
        <checksum>https://raw.githubusercontent.com/jsergio123/zips/master/addons.xml.md5</checksum>
        <datadir zip="true">https://raw.githubusercontent.com/jsergio123/zips/master/</datadir>
</dir>
<dir>
    <info compressed="false">https://raw.githubusercontent.com/Gujal00/smrzips/master/addons.xml</info>
    <checksum>https://raw.githubusercontent.com/Gujal00/smrzips/master/addons.xml.md5</checksum>
    <datadir zip="true">https://raw.githubusercontent.com/Gujal00/smrzips/master/zips/</datadir>
</dir>
<dir>
    <info compressed="false">https://raw.githubusercontent.com/a4k-openproject/repository.openscrapers/master/zips/addons.xml</info>
    <checksum>https://raw.githubusercontent.com/a4k-openproject/repository.openscrapers/master/zips/addons.xml.md5</checksum>
    <datadir zip="true">https://raw.githubusercontent.com/a4k-openproject/repository.openscrapers/master/zips/</datadir>
</dir>
</extension>
<extension point="xbmc.addon.metadata">
<summary lang="en">Install Addons From Kodi IPTV Malaysia</summary>
<description lang="en">Androidrepublica Repository.</description>
<disclaimer lang="en">Copyright of androidrepublica.com</disclaimer>
<platform>all</platform>
</extension>
</addon>